0,Data for iteration 0
1,Data for iteration 1
2,Data for iteration 2
3,Data for iteration 3
4,Data for iteration 4
5,Data for iteration 5
6,Data for iteration 6
7,Data for iteration 7
8,Data for iteration 8
9,Data for iteration 9
10,Data for iteration 10
11,Data for iteration 11
12,Data for iteration 12
13,Data for iteration 13
14,Data for iteration 14
15,Data for iteration 15
16,Data for iteration 16
17,Data for iteration 17
18,Data for iteration 18
19,Data for iteration 19
20,Data for iteration 20
21,Data for iteration 21
22,Data for iteration 22
23,Data for iteration 23
24,Data for iteration 24
25,Data for iteration 25
26,Data for iteration 26
27,Data for iteration 27
28,Data for iteration 28
29,Data for iteration 29
30,Data for iteration 30
31,Data for iteration 31
32,Data for iteration 32
33,Data for iteration 33
34,Data for iteration 34
35,Data for iteration 35
36,Data for iteration 36
37,Data for iteration 37
38,Data for iteration 38
39,Data for iteration 39
40,Data for iteration 40
41,Data for iteration 41
42,Data for iteration 42
43,Data for iteration 43
44,Data for iteration 44
45,Data for iteration 45
46,Data for iteration 46
47,Data for iteration 47
48,Data for iteration 48
49,Data for iteration 49
50,Data for iteration 50
51,Data for iteration 51
52,Data for iteration 52
53,Data for iteration 53
54,Data for iteration 54
55,Data for iteration 55
56,Data for iteration 56
57,Data for iteration 57
58,Data for iteration 58
59,Data for iteration 59
60,Data for iteration 60
61,Data for iteration 61
62,Data for iteration 62
63,Data for iteration 63
64,Data for iteration 64
65,Data for iteration 65
66,Data for iteration 66
67,Data for iteration 67
68,Data for iteration 68
69,Data for iteration 69
70,Data for iteration 70
71,Data for iteration 71
72,Data for iteration 72
73,Data for iteration 73
74,Data for iteration 74
75,Data for iteration 75
76,Data for iteration 76
77,Data for iteration 77
78,Data for iteration 78
79,Data for iteration 79
80,Data for iteration 80
81,Data for iteration 81
82,Data for iteration 82
83,Data for iteration 83
84,Data for iteration 84
85,Data for iteration 85
86,Data for iteration 86
87,Data for iteration 87
88,Data for iteration 88
89,Data for iteration 89
90,Data for iteration 90
91,Data for iteration 91
92,Data for iteration 92
93,Data for iteration 93
94,Data for iteration 94
95,Data for iteration 95
96,Data for iteration 96
97,Data for iteration 97
98,Data for iteration 98
99,Data for iteration 99
100,Data for iteration 100
101,Data for iteration 101
102,Data for iteration 102
103,Data for iteration 103
104,Data for iteration 104
105,Data for iteration 105
106,Data for iteration 106
107,Data for iteration 107
108,Data for iteration 108
109,Data for iteration 109
110,Data for iteration 110
111,Data for iteration 111
112,Data for iteration 112
113,Data for iteration 113
114,Data for iteration 114
115,Data for iteration 115
116,Data for iteration 116
117,Data for iteration 117
118,Data for iteration 118
119,Data for iteration 119
